in1.jpg,0
in2.jpg,0
in3.jpg,0
in4.jpg,0
in5.jpg,0
in6.jpg,0
in7.jpg,0
in8.jpg,0
in9.jpg,0
in10.jpg,0
in11.jpg,0
in12.jpg,0
in13.jpg,0
in14.jpg,0
in15.jpg,0
in16.jpg,0
in17.jpg,0
in18.jpg,0
in19.jpg,0
in20.jpg,0
in21.jpg,0
in22.jpg,0
in23.jpg,0
in24.jpg,0
in25.jpg,0
in26.jpg,0
in27.jpg,0
in28.jpg,0
in29.jpg,0
in30.jpg,0
in31.jpg,0
in32.jpg,0
in33.jpg,0
out1.jpg,1
out2.jpg,1
out3.jpg,1
out4.jpg,1
out5.jpg,1
out6.jpg,1
out7.jpg,1
out8.jpg,1
out9.jpg,1
out10.jpg,1
out11.jpg,1
out12.jpg,1
out13.jpg,1
out14.jpg,1
out15.jpg,1
out16.jpg,1
out17.jpg,1
out18.jpg,1
out19.jpg,1
out20.jpg,1
out21.jpg,1
out22.jpg,1
out23.jpg,1
out24.jpg,1
out25.jpg,1
out26.jpg,1
out27.jpg,1
out28.jpg,1
out29.jpg,1
out30.jpg,1
out31.jpg,1
out32.jpg,1
out33.jpg,1
out34.jpg,1
out35.jpg,1
out36.jpg,1
out37.jpg,1
